,Document Date,Document Number,XDoc No.,Amount
35,2026-09-15,180000037,1800000037,3941.34
52,2026-09-20,180000055,1800000055,2114.07
54,2026-09-13,180000058,1800000058,900.1
78,2026-09-28,180000083,1800000083,5575.14
110,2026-09-12,180000116,1800000116,5582.6
111,2026-09-05,180000117,1800000117,3814.37
144,2026-09-07,180000151,1800000151,5597.53
151,2026-09-30,180000158,1800000158,6040.29
168,2026-09-23,180000177,1800000177,6772.66
239,2026-09-21,180000252,1800000252,4319.41
241,2026-09-25,180000254,1800000254,4718.83
266,2026-09-27,180000279,1800000279,8227.07
286,2026-09-02,180000299,1800000299,1975.6
300,2026-09-20,180000313,1800000313,948.68
301,2026-09-04,180000314,1800000314,3230.46
318,2026-09-26,180000331,1800000331,2030.81
355,2026-09-11,180000368,1800000368,211.5
371,2026-09-15,180000384,1800000384,5245.85
381,2026-09-19,180000394,1800000394,3333.83
398,2026-09-19,180000411,1800000411,8794.38
459,2026-09-20,180000474,1800000474,1007.23
475,2026-09-28,180000490,1800000490,5662.0
484,2026-09-25,180000500,1800000500,14812.86
489,2026-09-01,180000505,1800000505,5396.39
497,2026-09-10,180000513,1800000513,1635.05
524,2026-09-27,180000540,1800000540,2322.99
526,2026-09-29,180000542,1800000542,1368.87
585,2026-09-01,180000603,1800000603,2276.69
600,2026-09-06,180000618,1800000618,501.6
609,2026-09-26,180000627,1800000627,4516.19
610,2026-09-19,180000628,1800000628,4717.61
651,2026-09-06,180000669,1800000669,1301.88
658,2026-09-21,180000676,1800000676,2927.88
682,2026-09-05,180000700,1800000700,10193.47
691,2026-09-26,180000710,1800000710,1281.73
722,2026-09-24,180000741,1800000741,8187.13
725,2026-09-11,180000744,1800000744,592.79
733,2026-09-13,180000752,1800000752,7538.74
747,2026-09-18,180000766,1800000766,5239.04
762,2026-09-19,180000781,1800000781,11062.09
774,2026-09-23,180000793,1800000793,2767.17
778,2026-09-22,180000797,1800000797,1965.56
780,2026-09-22,180000799,1800000799,727.28
794,2026-09-11,180000813,1800000813,2605.43
819,2026-09-02,180000839,1800000839,560.58
859,2026-09-16,180000880,1800000880,1559.16
876,2026-09-16,180000898,1800000898,1967.36
899,2026-09-26,180000921,1800000921,6516.61
910,2026-09-24,180000932,1800000932,1719.81
938,2026-09-10,180000960,1800000960,660.93
946,2026-09-27,180000968,1800000968,1021.34
1017,2026-09-17,180001040,1800001040,1822.93
1067,2026-09-10,180001093,1800001093,3193.79
1092,2026-09-17,180001119,1800001119,1589.88
1106,2026-09-17,180001133,1800001133,16661.74
1124,2026-09-15,180001151,1800001151,281.08
1196,2026-09-14,180001227,1800001227,2041.85
1270,2026-09-15,180001304,1800001304,1913.88
1276,2026-09-27,180001310,1800001310,2186.1
1293,2026-09-29,180001327,1800001327,1266.37
1316,2026-09-23,180001350,1800001350,4269.21
1323,2026-09-06,180001358,1800001358,998.96
1325,2026-09-16,180001360,1800001360,6062.52
1333,2026-09-05,180001368,1800001368,13460.52
1349,2026-09-20,180001384,1800001384,237.03
1350,2026-09-21,180001385,1800001385,2010.97
1353,2026-09-16,180001388,1800001388,532.83
1356,2026-09-20,180001391,1800001391,777.33
1357,2026-09-25,180001392,1800001392,611.67
1371,2026-09-03,180001406,1800001406,1520.38
1377,2026-09-24,180001412,1800001412,154.89
1431,2026-09-22,180001470,1800001470,573.27
1435,2026-09-01,180001474,1800001474,593.73
1450,2026-09-11,179991491,1800001491,2572.88
1457,2026-09-14,180001498,1800001498,3554.88
1477,2026-09-27,180001518,1800001518,2123.17
1486,2026-09-04,180001528,1800001528,2441.11
1531,2026-09-22,180001573,1800001573,3175.59
1573,2026-09-10,180001615,1800001615,4896.08
1593,2026-09-18,180001635,1800001635,4266.51
1605,2026-09-17,180001647,1800001647,2957.38
1625,2026-09-06,180001667,1800001667,1675.33
1635,2026-09-20,180001677,1800001677,233.25
1659,2026-09-04,180001701,1800001701,6977.64
1664,2026-09-15,180001706,1800001706,772.9
1668,2026-09-29,180001710,1800001710,5988.62
1712,2026-09-06,180001755,1800001755,11069.95
1751,2026-09-17,180001795,1800001795,941.07
1752,2026-09-20,180001796,1800001796,678.93
1758,2026-09-24,180001802,1800001802,1988.0
1766,2026-09-14,179991810,1800001810,3069.96
1790,2026-09-04,179991835,1800001835,154.61
1841,2026-09-10,180001886,1800001886,3607.65
1880,2026-10-01,180001925,1800001925,17416.03
1899,2026-09-19,180001944,1800001944,13096.83
1933,2026-09-13,180001979,1800001979,1366.69
1955,2026-09-01,180002001,1800002001,2954.3
1991,2026-09-19,180002037,1800002037,1252.65
2043,2026-09-05,180002091,1800002091,4872.0
2045,2026-09-23,180002093,1800002093,2317.29
2128,2026-09-29,179992177,1800002177,3035.85
2138,2026-09-07,180002187,1800002187,1102.24
2170,2026-09-10,180002220,1800002220,8666.85
2175,2026-09-05,180002225,1800002225,2287.64
2184,2026-09-17,180002234,1800002234,255.25
2198,2026-09-21,180002248,1800002248,647.13
2199,2026-09-03,180002249,1800002249,2228.47
2200,2026-09-21,180002250,1800002250,1136.79
2231,2026-09-10,180002283,1800002283,2076.29
2243,2026-09-07,180002295,1800002295,3451.16
2249,2026-09-25,180002302,1800002302,348.99
2276,2026-09-08,180002329,1800002329,398.27
2339,2026-09-12,180002393,1800002393,3222.49
2376,2026-09-15,180002430,1800002430,1341.45
2383,2026-09-03,180002437,1800002437,2573.94
2407,2026-09-08,180002461,1800002461,805.14
2415,2026-09-28,180002469,1800002469,7823.47
2446,2026-09-27,180002500,1800002500,2032.46
2453,2026-09-21,180002507,1800002507,10320.49
2477,2026-09-22,180002532,1800002532,7358.11
2478,2026-09-27,180002533,1800002533,4262.67
2489,2026-09-07,180002544,1800002544,2232.32
2492,2026-09-24,180002547,1800002547,6000.2
2511,2026-09-27,180002567,1800002567,754.88
2533,2026-09-04,180002590,1800002590,193.35
2541,2026-09-14,180002599,1800002599,5613.12
2639,2026-09-16,180002698,1800002698,14560.2
2651,2026-09-17,180002710,1800002710,3255.82
2652,2026-09-28,180002711,1800002711,4752.04
2658,2026-09-21,180002717,1800002717,4915.52
2673,2026-09-08,180002734,1800002734,2493.75
2677,2026-09-19,180002738,1800002738,4731.28
2679,2026-09-05,180002740,1800002740,8967.77
2693,2026-09-17,180002755,1800002755,5813.06
2698,2026-09-16,180002760,1800002760,2280.22
2700,2026-09-17,180002762,1800002762,1840.53
2707,2026-09-25,180002769,1800002769,9534.87
2724,2026-09-18,180002788,1800002788,8739.94
2730,2026-09-21,180002794,1800002794,6694.98
2734,2026-09-09,180002798,1800002798,-50.35000000000002
2755,2026-09-08,180002819,1800002819,1037.21
2765,2026-09-03,180002829,1800002829,6823.86
2837,2026-09-10,180002904,1800002904,4308.87
2844,2026-09-12,180002911,1800002911,277.75
2850,2026-09-04,180002917,1800002917,857.14
2877,2026-09-07,180002945,1800002945,3182.0200000000004
2916,2026-09-09,180002985,1800002985,836.64
2969,2026-09-16,180003039,1800003039,5035.84
2973,2026-09-20,180003043,1800003043,1430.33
2979,2026-09-20,180003049,1800003049,7868.25
3004,2026-09-23,180003076,1800003076,1541.58
3016,2026-09-12,180003088,1800003088,3348.72
3018,2026-09-15,180003090,1800003090,1183.37
3022,2026-09-07,180003094,1800003094,2289.94
3049,2026-09-08,180003121,1800003121,4515.98
3056,2026-09-28,180003129,1800003129,6844.11
3109,2026-09-23,180003182,1800003182,4626.92
3132,2026-09-29,180003205,1800003205,9726.05
3150,2026-09-16,180003223,1800003223,4704.23
3152,2026-09-06,180003225,1800003225,1518.48
3165,2026-09-26,180003238,1800003238,686.2
3170,2026-09-09,180003243,1800003243,2787.26
3171,2026-09-07,180003244,1800003244,289.6
3215,2026-09-14,180003288,1800003288,1014.45
3227,2026-09-19,180003301,1800003301,5435.04
3234,2026-09-16,180003308,1800003308,2645.82
3268,2026-09-14,180003342,1800003342,1303.21
3273,2026-09-21,180003347,1800003347,2762.58
3280,2026-09-09,180003354,1800003354,2554.88
3287,2026-09-19,180003361,1800003361,8834.36
3296,2026-09-29,180003370,1800003370,220.84
3342,2026-09-16,180003420,1800003420,5061.45
3349,2026-09-04,180003427,1800003427,367.49
3354,2026-09-03,180003432,1800003432,3339.88
3397,2026-09-15,180003475,1800003475,484.49
3430,2026-09-19,180003508,1800003508,13980.6
3440,2026-09-20,180003518,1800003518,2591.36
3441,2026-09-10,180003519,1800003519,3025.13
3487,2026-09-30,180003566,1800003566,4200.05
3536,2026-09-24,180003615,1800003615,982.95
3596,2026-09-12,180003678,1800003678,2227.42
3605,2026-09-27,180003688,1800003688,384.36
3615,2026-09-08,180003698,1800003698,2796.5
3635,2026-09-16,179993719,1800003719,1318.22
3644,2026-09-10,180003728,1800003728,942.79
3649,2026-09-22,180003733,1800003733,4537.82
3693,2026-09-10,180003781,1800003781,420.25
3701,2026-09-18,180003789,1800003789,1380.42
3715,2026-09-06,180003805,1800003805,3024.5
3798,2026-09-16,180003888,1800003888,6519.58
3814,2026-09-13,180003904,1800003904,825.94
3834,2026-09-08,180003925,1800003925,2261.83
3868,2026-09-03,180003961,1800003961,952.5
3875,2026-09-05,180003968,1800003968,3376.96
3895,2026-09-01,180003989,1800003989,3522.03
3925,2026-09-16,180004020,1800004020,2672.34
3926,2026-09-16,180004021,1800004021,6449.79
3977,2026-09-26,180004073,1800004073,1677.25
3993,2026-09-25,180004089,1800004089,996.39
3994,2026-09-24,180004090,1800004090,5551.33
4000,2026-09-01,180004096,1800004096,2384.58
4001,2026-09-07,180004097,1800004097,8411.44
4004,2026-09-16,180004100,1800004100,2460.4
4027,2026-09-07,180004123,1800004123,1831.46
4062,2026-09-05,180004158,1800004158,166.54
4081,2026-09-16,180004177,1800004177,5318.73
4097,2026-09-05,180004193,1800004193,4217.18
4101,2026-09-14,180004197,1800004197,8170.66
4103,2026-09-01,180004199,1800004199,2669.23
4106,2026-09-07,180004202,1800004202,5061.76
4111,2026-09-12,180004207,1800004207,812.75
4126,2026-09-17,180004222,1800004222,694.64
4135,2026-09-19,180004231,1800004231,2360.47
4160,2026-09-10,180004256,1800004256,5107.64
4173,2026-09-20,180004270,1800004270,6786.34
4196,2026-09-17,180004293,1800004293,2747.89
4223,2026-09-03,180004321,1800004321,1996.0
4236,2026-09-07,180004335,1800004335,3601.17
4262,2026-09-27,180004361,1800004361,780.12
4369,2026-09-08,180004470,1800004470,349.33
4430,2026-09-15,180004532,1800004532,172.14
4438,2026-09-14,180004540,1800004540,1141.5
4447,2026-09-26,180004550,1800004550,9874.95
4472,2026-09-21,180004576,1800004576,2040.94
4485,2026-09-07,180004590,1800004590,4159.44
4538,2026-09-10,180004643,1800004643,2275.95
4539,2026-09-05,180004644,1800004644,5071.35
4547,2026-09-11,180004653,1800004653,2428.87
4552,2026-09-20,180004658,1800004658,1175.03
4571,2026-09-08,180004678,1800004678,6513.24
4610,2026-09-22,180004717,1800004717,1044.05
4617,2026-09-07,180004724,1800004724,1711.71
4638,2026-09-23,180004745,1800004745,557.41
4653,2026-09-02,180004760,1800004760,8029.41
4684,2026-09-11,180004791,1800004791,10127.89
4706,2026-09-25,180004813,1800004813,1742.72
4737,2026-09-21,180004844,1800004844,2392.27
4743,2026-09-23,180004850,1800004850,2326.57
4751,2026-09-07,180004858,1800004858,1889.22
4753,2026-09-25,180004860,1800004860,10893.13
4784,2026-09-25,180004891,1800004891,7603.5
4807,2026-09-07,180004914,1800004914,2448.11
4862,2026-09-26,180004970,1800004970,768.82
4882,2026-09-16,180004990,1800004990,893.11
4892,2026-09-12,180005000,1800005000,4283.08
4916,2026-09-26,180005026,1800005026,5076.63
4921,2026-09-21,180005031,1800005031,3971.78
4927,2026-09-28,180005037,1800005037,1951.57
4940,2026-09-11,180005050,1800005050,3264.03
4946,2026-09-12,180005057,1800005057,4251.06
4962,2026-09-28,180005073,1800005073,2463.89
4978,2026-09-22,180005089,1800005089,3066.08
4998,2026-09-19,180005109,1800005109,7675.55
5026,2026-09-07,180005137,1800005137,6967.36
5044,2026-09-22,180005156,1800005156,1841.57
5045,2026-09-06,180005157,1800005157,4381.66
5068,2026-09-26,180005180,1800005180,155.47
5075,2026-09-17,180005187,1800005187,6595.43
5080,2026-09-09,180005192,1800005192,13057.12
5103,2026-09-07,180005215,1800005215,3409.54
5110,2026-09-20,180005222,1800005222,2598.1
5130,2026-09-08,180005243,1800005243,1115.4
5143,2026-09-26,180005256,1800005256,7222.65
5149,2026-09-18,180005262,1800005262,4434.09
5176,2026-09-18,180005290,1800005290,733.06
5215,2026-09-15,180005329,1800005329,2081.91
5234,2026-09-14,180005348,1800005348,1176.99
5261,2026-09-25,180005376,1800005376,-111.45
5266,2026-09-11,179995381,1800005381,6249.88
5326,2026-09-08,179995442,1800005442,10553.86
5361,2026-09-16,180005477,1800005477,2812.47
5362,2026-09-12,180005478,1800005478,636.49
5386,2026-09-15,180005503,1800005503,849.95
5389,2026-09-04,180005506,1800005506,1799.48
5474,2026-09-03,180005595,1800005595,2981.38
5616,2026-09-12,180005738,1800005738,3496.56
5634,2026-09-24,180005756,1800005756,1727.5
5636,2026-09-26,180005758,1800005758,1978.97
5674,2026-09-13,180005796,1800005796,2063.25
5682,2026-09-28,180005804,1800005804,3307.74
5712,2026-09-28,180005836,1800005836,5371.92
5713,2026-09-06,180005837,1800005837,4127.33
5738,2026-09-22,180005863,1800005863,325.96
5778,2026-09-23,180005903,1800005903,289.64
5785,2026-09-21,180005910,1800005910,3040.34
5791,2026-09-11,180005916,1800005916,2636.93
5799,2026-09-08,180005925,1800005925,4911.17
5820,2026-09-07,180005946,1800005946,1833.29
5844,2026-09-14,180005970,1800005970,993.67
5846,2026-09-20,180005972,1800005972,3026.21
5870,2026-09-07,180005996,1800005996,2134.3
5895,2026-09-05,180006021,1800006021,169.25
5900,2026-09-08,180006026,1800006026,6665.35
5904,2026-09-30,180006030,1800006030,4235.41
5906,2026-09-25,180006032,1800006032,1934.45
5911,2026-09-26,179996038,1800006038,880.11
5935,2026-09-13,180006064,1800006064,3641.2
5943,2026-09-28,180006072,1800006072,2629.57
5984,2026-09-29,180006115,1800006115,19434.6
6011,2026-09-11,180006143,1800006143,5190.67
6015,2026-09-07,180006147,1800006147,4822.55
6020,2026-09-25,180006152,1800006152,7854.06
6042,2026-09-27,180006175,1800006175,1010.53
6045,2026-09-30,180006178,1800006178,2643.43
6056,2026-09-14,180006189,1800006189,668.24
