,Company Code,Account,Document Number,Reference,Document Date,Amount,Currency,Due Date,Text,Clearing Document,Assignment
2,1000,142000,1800000002,INV/2026/09/10002,2026-09-29,5113.61,EUR,2026-10-29,IC Sale - Logistics Services Sept 29,,PO-2026-70901
25,1000,142000,1800000025,INV/2026/09/10025,2026-09-29,874.36,EUR,2026-10-29,IC Sale - Logistics Services Sept 29,,PO-2026-33735
51,1000,142000,1800000051,INV/2026/09/10051,2026-09-29,6227.81,EUR,2026-10-29,IC Sale - Logistics Services Sept 29,,PO-2026-30436
56,1000,142000,1800000056,INV/2026/09/10056,2026-09-29,1622.13,EUR,2026-10-29,IC Sale - Logistics Services Sept 29,,PO-2026-54416
64,1000,142000,1800000064,INV/2026/09/10064,2026-09-29,3832.37,EUR,2026-10-29,IC Sale - Logistics Services Sept 29,,PO-2026-85583
95,1000,142000,1800000095,INV/2026/09/10095,2026-09-29,1336.65,EUR,2026-10-29,IC Sale - Logistics Services Sept 29,,PO-2026-64951
129,1000,142000,1800000129,INV/2026/09/10129,2026-09-29,1038.18,EUR,2026-10-29,IC Sale - Logistics Services Sept 29,,PO-2026-47687
163,1000,142000,1800000163,INV/2026/09/10163,2026-09-29,5183.72,EUR,2026-10-29,IC Sale - Logistics Services Sept 29,,PO-2026-19244
172,1000,142000,1800000172,INV/2026/09/10172,2026-09-29,1949.62,EUR,2026-10-29,IC Sale - Logistics Services Sept 29,,PO-2026-96038
178,1000,142000,1800000178,INV/2026/09/10178,2026-09-29,4687.25,EUR,2026-10-29,IC Sale - Logistics Services Sept 29,,PO-2026-10051
184,1000,142000,1800000184,INV/2026/09/10184,2026-09-29,1192.41,EUR,2026-10-29,IC Sale - Logistics Services Sept 29,,PO-2026-58476
188,1000,142000,1800000188,INV/2026/09/10188,2026-09-29,11634.73,EUR,2026-10-29,IC Sale - Logistics Services Sept 29,,PO-2026-59891
249,1000,142000,1800000249,INV/2026/09/10249,2026-09-29,5208.61,EUR,2026-10-29,IC Sale - Logistics Services Sept 29,,PO-2026-55906
313,1000,142000,1800000313,INV/2026/09/10313,2026-09-19,948.7,EUR,2026-10-19,IC Sale - Logistics Services Sept 19,,PO-2026-81922
418,1000,142000,1800000418,INV/2026/09/10418,2026-09-29,405.51,EUR,2026-10-29,IC Sale - Logistics Services Sept 29,,PO-2026-58113
449,1000,142000,1800000449,INV/2026/09/10449,2026-09-29,3163.14,EUR,2026-10-29,IC Sale - Logistics Services Sept 29,,PO-2026-53320
499,1000,142000,1800000499,INV/2026/09/10499,2026-09-29,1119.66,EUR,2026-10-29,IC Sale - Logistics Services Sept 29,,PO-2026-86001
545,1000,142000,1800000545,INV/2026/09/10545,2026-09-29,10255.66,EUR,2026-10-29,IC Sale - Logistics Services Sept 29,,PO-2026-56981
556,1000,142000,1800000556,INV/2026/09/10556,2026-09-29,8344.99,EUR,2026-10-29,IC Sale - Logistics Services Sept 29,,PO-2026-94007
703,1000,142000,1800000703,INV/2026/09/10703,2026-09-29,4317.91,EUR,2026-10-29,IC Sale - Logistics Services Sept 29,,PO-2026-73711
836,1000,142000,1800000836,INV/2026/09/10836,2026-09-29,690.4,EUR,2026-10-29,IC Sale - Logistics Services Sept 29,,PO-2026-48904
851,1000,142000,1800000851,INV/2026/09/10851,2026-09-29,5238.25,EUR,2026-10-29,IC Sale - Logistics Services Sept 29,,PO-2026-90851
894,1000,142000,1800000894,INV/2026/09/10894,2026-09-29,9262.38,EUR,2026-10-29,IC Sale - Logistics Services Sept 29,,PO-2026-19983
1035,1000,142000,1800001035,INV/2026/09/11035,2026-09-29,7888.62,EUR,2026-10-29,IC Sale - Logistics Services Sept 29,,PO-2026-73192
1042,1000,142000,1800001042,INV/2026/09/11042,2026-09-29,1674.17,EUR,2026-10-29,IC Sale - Logistics Services Sept 29,,PO-2026-40830
1069,1000,142000,1800001069,INV/2026/09/11069,2026-09-29,409.85,EUR,2026-10-29,IC Sale - Logistics Services Sept 29,,PO-2026-63388
1078,1000,142000,1800001078,INV/2026/09/11078,2026-09-29,6494.38,EUR,2026-10-29,IC Sale - Logistics Services Sept 29,,PO-2026-38763
1111,1000,142000,1800001111,INV/2026/09/11111,2026-09-29,3601.03,EUR,2026-10-29,IC Sale - Logistics Services Sept 29,,PO-2026-29778
1169,1000,142000,1800001169,INV/2026/09/11169,2026-09-29,1400.27,EUR,2026-10-29,IC Sale - Logistics Services Sept 29,,PO-2026-80636
1170,1000,142000,1800001170,INV/2026/09/11170,2026-09-29,1146.59,EUR,2026-10-29,IC Sale - Logistics Services Sept 29,,PO-2026-56257
1171,1000,142000,1800001171,INV/2026/09/11171,2026-09-29,3547.58,EUR,2026-10-29,IC Sale - Logistics Services Sept 29,,PO-2026-37235
1246,1000,142000,1800001246,INV/2026/09/11246,2026-09-29,11494.78,EUR,2026-10-29,IC Sale - Logistics Services Sept 29,,PO-2026-90220
1256,1000,142000,1800001256,INV/2026/09/11256,2026-09-29,11600.25,EUR,2026-10-29,IC Sale - Logistics Services Sept 29,,PO-2026-60705
1287,1000,142000,1800001287,INV/2026/09/11287,2026-09-29,859.52,EUR,2026-10-29,IC Sale - Logistics Services Sept 29,,PO-2026-81140
1327,1000,142000,1800001327,INV/2026/09/11327,2026-09-29,1145.87,EUR,2026-10-29,IC Sale - Logistics Services Sept 29,,PO-2026-58426
1422,1000,142000,1800001422,INV/2026/09/11422,2026-09-29,352.68,EUR,2026-10-29,IC Sale - Logistics Services Sept 29,,PO-2026-88499
1425,1000,142000,1800001425,INV/2026/09/11425,2026-09-29,3741.82,EUR,2026-10-29,IC Sale - Logistics Services Sept 29,,PO-2026-36703
1436,1000,142000,1800001436,INV/2026/09/11436,2026-09-29,17012.28,EUR,2026-10-29,IC Sale - Logistics Services Sept 29,,PO-2026-98212
1469,1000,142000,1800001469,INV/2026/09/11469,2026-09-29,2256.69,EUR,2026-10-29,IC Sale - Logistics Services Sept 29,,PO-2026-43627
1480,1000,142000,1800001480,INV/2026/09/11480,2026-09-29,5441.29,EUR,2026-10-29,IC Sale - Logistics Services Sept 29,,PO-2026-17523
1487,1000,142000,1800001487,INV/2026/09/11487,2026-09-29,4667.18,EUR,2026-10-29,IC Sale - Logistics Services Sept 29,,PO-2026-61287
1521,1000,142000,1800001521,INV/2026/09/11521,2026-09-29,1365.45,EUR,2026-10-29,IC Sale - Logistics Services Sept 29,,PO-2026-34375
1743,1000,142000,1800001743,INV/2026/09/11743,2026-09-29,585.49,EUR,2026-10-29,IC Sale - Logistics Services Sept 29,,PO-2026-99764
1795,1000,142000,1800001795,INV/2026/09/11795,2026-09-17,1291.07,EUR,2026-10-17,IC Sale - Logistics Services Sept 17,,PO-2026-29501
1815,1000,142000,1800001815,INV/2026/09/11815,2026-09-29,506.58,EUR,2026-10-29,IC Sale - Logistics Services Sept 29,,PO-2026-17876
1971,1000,142000,1800001971,INV/2026/09/11971,2026-09-29,7865.4,EUR,2026-10-29,IC Sale - Logistics Services Sept 29,,PO-2026-65822
2058,1000,142000,1800002058,INV/2026/09/12058,2026-09-29,3374.29,EUR,2026-10-29,IC Sale - Logistics Services Sept 29,,PO-2026-68616
2078,1000,142000,1800002078,INV/2026/09/12078,2026-09-29,1907.54,EUR,2026-10-29,IC Sale - Logistics Services Sept 29,,PO-2026-78950
2118,1000,142000,1800002118,INV/2026/09/12118,2026-09-29,2576.9,EUR,2026-10-29,IC Sale - Logistics Services Sept 29,,PO-2026-69272
2189,1000,142000,1800002189,INV/2026/09/12189,2026-09-29,2331.82,EUR,2026-10-29,IC Sale - Logistics Services Sept 29,,PO-2026-24350
2234,1000,142000,1800002234,INV/2026/09/12234,2026-09-15,255.22,EUR,2026-10-15,IC Sale - Logistics Services Sept 15,,PO-2026-17936
2258,1000,142000,1800002258,INV/2026/09/12258,2026-09-29,2388.33,EUR,2026-10-29,IC Sale - Logistics Services Sept 29,,PO-2026-81931
2269,1000,142000,1800002269,INV/2026/09/12269,2026-09-29,2159.7,EUR,2026-10-29,IC Sale - Logistics Services Sept 29,,PO-2026-54150
2299,1000,142000,1800002299,INV/2026/09/12299,2026-09-29,6047.49,EUR,2026-10-29,IC Sale - Logistics Services Sept 29,,PO-2026-43094
2368,1000,142000,1800002368,INV/2026/09/12368,2026-09-29,4020.73,EUR,2026-10-29,IC Sale - Logistics Services Sept 29,,PO-2026-82049
2510,1000,142000,1800002510,INV/2026/09/12510,2026-09-29,3125.68,EUR,2026-10-29,IC Sale - Logistics Services Sept 29,,PO-2026-14705
2561,1000,142000,1800002561,INV/2026/09/12561,2026-09-29,1757.14,EUR,2026-10-29,IC Sale - Logistics Services Sept 29,,PO-2026-38463
2597,1000,142000,1800002597,INV/2026/09/12597,2026-09-29,483.53,EUR,2026-10-29,IC Sale - Logistics Services Sept 29,,PO-2026-59570
2667,1000,142000,1800002667,INV/2026/09/12667,2026-09-29,298.64,EUR,2026-10-29,IC Sale - Logistics Services Sept 29,,PO-2026-94977
2720,1000,142000,1800002720,INV/2026/09/12720,2026-09-29,460.64,EUR,2026-10-29,IC Sale - Logistics Services Sept 29,,PO-2026-92870
2726,1000,142000,1800002726,INV/2026/09/12726,2026-09-29,4109.92,EUR,2026-10-29,IC Sale - Logistics Services Sept 29,,PO-2026-27695
2754,1000,142000,1800002754,INV/2026/09/12754,2026-09-29,320.42,EUR,2026-10-29,IC Sale - Logistics Services Sept 29,,PO-2026-40538
2775,1000,142000,1800002775,INV/2026/09/12775,2026-09-29,1337.7,EUR,2026-10-29,IC Sale - Logistics Services Sept 29,,PO-2026-21233
2783,1000,142000,1800002783,INV/2026/09/12783,2026-09-29,2299.9,EUR,2026-10-29,IC Sale - Logistics Services Sept 29,,PO-2026-68240
2794,1000,142000,1800002794,INV/2026/09/12794,2026-09-21,6574.48,EUR,2026-10-21,IC Sale - Logistics Services Sept 21,,PO-2026-15758
2871,1000,142000,1800002871,INV/2026/09/12871,2026-09-29,2422.68,EUR,2026-10-29,IC Sale - Logistics Services Sept 29,,PO-2026-22420
2884,1000,142000,1800002884,INV/2026/09/12884,2026-09-29,14210.83,EUR,2026-10-29,IC Sale - Logistics Services Sept 29,,PO-2026-10047
2893,1000,142000,1800002893,INV/2026/09/12893,2026-09-29,1103.45,EUR,2026-10-29,IC Sale - Logistics Services Sept 29,,PO-2026-63144
2904,1000,142000,1800002904,INV/2026/09/12904,2026-09-10,3458.87,EUR,2026-10-10,IC Sale - Logistics Services Sept 10,,PO-2026-17985
2929,1000,142000,1800002929,INV/2026/09/12929,2026-09-29,4808.81,EUR,2026-10-29,IC Sale - Logistics Services Sept 29,,PO-2026-90762
2945,1000,142000,1800002945,INV/2026/09/12945,2026-09-06,3182.01,EUR,2026-10-06,IC Sale - Logistics Services Sept 06,,PO-2026-84915
3057,1000,142000,1800003057,INV/2026/09/13057,2026-09-29,6964.18,EUR,2026-10-29,IC Sale - Logistics Services Sept 29,,PO-2026-39395
3067,1000,142000,1800003067,INV/2026/09/13067,2026-09-29,7292.7,EUR,2026-10-29,IC Sale - Logistics Services Sept 29,,PO-2026-13898
3292,1000,142000,1800003292,INV/2026/09/13292,2026-09-29,2031.77,EUR,2026-10-29,IC Sale - Logistics Services Sept 29,,PO-2026-24753
3381,1000,142000,1800003381,INV/2026/09/13381,2026-09-29,3032.37,EUR,2026-10-29,IC Sale - Logistics Services Sept 29,,PO-2026-35697
3398,1000,142000,1800003398,INV/2026/09/13398,2026-09-29,26402.59,EUR,2026-10-29,IC Sale - Logistics Services Sept 29,,PO-2026-30129
3404,1000,142000,1800003404,INV/2026/09/13404,2026-09-29,8185.53,EUR,2026-10-29,IC Sale - Logistics Services Sept 29,,PO-2026-44217
3406,1000,142000,1800003406,INV/2026/09/13406,2026-09-29,1549.07,EUR,2026-10-29,IC Sale - Logistics Services Sept 29,,PO-2026-23686
3427,1000,142000,1800003427,INV/2026/09/13427,2026-09-02,367.48,EUR,2026-10-02,IC Sale - Logistics Services Sept 02,,PO-2026-40845
3475,1000,142000,1800003475,INV/2026/09/13475,2026-09-14,484.5,EUR,2026-10-14,IC Sale - Logistics Services Sept 14,,PO-2026-37761
3518,1000,142000,1800003518,INV/2026/09/13518,2026-09-18,2941.36,EUR,2026-10-18,IC Sale - Logistics Services Sept 18,,PO-2026-46017
3519,1000,142000,1800003519,INV/2026/09/13519,2026-09-08,3070.13,EUR,2026-10-08,IC Sale - Logistics Services Sept 08,,PO-2026-38629
3531,1000,142000,1800003531,INV/2026/09/13531,2026-09-29,5806.86,EUR,2026-10-29,IC Sale - Logistics Services Sept 29,,PO-2026-38515
3621,1000,142000,1800003621,INV/2026/09/13621,2026-09-29,2669.97,EUR,2026-10-29,IC Sale - Logistics Services Sept 29,,PO-2026-92972
3666,1000,142000,1800003666,INV/2026/09/13666,2026-09-29,3353.39,EUR,2026-10-29,IC Sale - Logistics Services Sept 29,,PO-2026-88236
3674,1000,142000,1800003674,INV/2026/09/13674,2026-09-29,2955.76,EUR,2026-10-29,IC Sale - Logistics Services Sept 29,,PO-2026-68307
3681,1000,142000,1800003681,INV/2026/09/13681,2026-09-29,1927.46,EUR,2026-10-29,IC Sale - Logistics Services Sept 29,,PO-2026-25614
3701,1000,142000,1800003701,INV/2026/09/13701,2026-09-29,8151.84,EUR,2026-10-29,IC Sale - Logistics Services Sept 29,,PO-2026-98766
3737,1000,142000,1800003737,INV/2026/09/13737,2026-09-29,1575.83,EUR,2026-10-29,IC Sale - Logistics Services Sept 29,,PO-2026-30641
3749,1000,142000,1800003749,INV/2026/09/13749,2026-09-29,1750.4,EUR,2026-10-29,IC Sale - Logistics Services Sept 29,,PO-2026-16845
3753,1000,142000,1800003753,INV/2026/09/13753,2026-09-29,13649.25,EUR,2026-10-29,IC Sale - Logistics Services Sept 29,,PO-2026-60875
3758,1000,142000,1800003758,INV/2026/09/13758,2026-09-29,4347.01,EUR,2026-10-29,IC Sale - Logistics Services Sept 29,,PO-2026-57578
3791,1000,142000,1800003791,INV/2026/09/13791,2026-09-29,396.24,EUR,2026-10-29,IC Sale - Logistics Services Sept 29,,PO-2026-29723
3800,1000,142000,1800003800,INV/2026/09/13800,2026-09-29,4369.95,EUR,2026-10-29,IC Sale - Logistics Services Sept 29,,PO-2026-36780
3888,1000,142000,1800003888,INV/2026/09/13888,2026-09-14,6519.59,EUR,2026-10-14,IC Sale - Logistics Services Sept 14,,PO-2026-99222
3917,1000,142000,1800003917,INV/2026/09/13917,2026-09-29,5130.92,EUR,2026-10-29,IC Sale - Logistics Services Sept 29,,PO-2026-38427
3929,1000,142000,1800003929,INV/2026/09/13929,2026-09-29,3849.96,EUR,2026-10-29,IC Sale - Logistics Services Sept 29,,PO-2026-75947
3969,1000,142000,1800003969,INV/2026/09/13969,2026-09-29,644.42,EUR,2026-10-29,IC Sale - Logistics Services Sept 29,,PO-2026-50058
4016,1000,142000,1800004016,INV/2026/09/14016,2026-09-29,312.96,EUR,2026-10-29,IC Sale - Logistics Services Sept 29,,PO-2026-94445
4031,1000,142000,1800004031,INV/2026/09/14031,2026-09-29,5779.3,EUR,2026-10-29,IC Sale - Logistics Services Sept 29,,PO-2026-28566
4199,1000,142000,1800004199,INV/2026/09/14199,2026-09-01,2548.73,EUR,2026-10-01,IC Sale - Logistics Services Sept 01,,PO-2026-36723
4257,1000,142000,1800004257,INV/2026/09/14257,2026-09-29,7176.61,EUR,2026-10-29,IC Sale - Logistics Services Sept 29,,PO-2026-21150
4293,1000,142000,1800004293,INV/2026/09/14293,2026-09-17,2792.89,EUR,2026-10-17,IC Sale - Logistics Services Sept 17,,PO-2026-27401
4309,1000,142000,1800004309,INV/2026/09/14309,2026-09-29,7631.84,EUR,2026-10-29,IC Sale - Logistics Services Sept 29,,PO-2026-66549
4324,1000,142000,1800004324,INV/2026/09/14324,2026-09-29,18319.04,EUR,2026-10-29,IC Sale - Logistics Services Sept 29,,PO-2026-70914
4430,1000,142000,1800004430,INV/2026/09/14430,2026-09-29,4698.1,EUR,2026-10-29,IC Sale - Logistics Services Sept 29,,PO-2026-28680
4432,1000,142000,1800004432,INV/2026/09/14432,2026-09-29,2534.75,EUR,2026-10-29,IC Sale - Logistics Services Sept 29,,PO-2026-51099
4491,1000,142000,1800004491,INV/2026/09/14491,2026-09-29,1719.17,EUR,2026-10-29,IC Sale - Logistics Services Sept 29,,PO-2026-51972
4545,1000,142000,1800004545,INV/2026/09/14545,2026-09-29,765.68,EUR,2026-10-29,IC Sale - Logistics Services Sept 29,,PO-2026-45468
4560,1000,142000,1800004560,INV/2026/09/14560,2026-09-29,14728.72,EUR,2026-10-29,IC Sale - Logistics Services Sept 29,,PO-2026-52402
4582,1000,142000,1800004582,INV/2026/09/14582,2026-09-29,1329.24,EUR,2026-10-29,IC Sale - Logistics Services Sept 29,,PO-2026-36007
4649,1000,142000,1800004649,INV/2026/09/14649,2026-09-29,344.83,EUR,2026-10-29,IC Sale - Logistics Services Sept 29,,PO-2026-15594
4664,1000,142000,1800004664,INV/2026/09/14664,2026-09-29,7232.73,EUR,2026-10-29,IC Sale - Logistics Services Sept 29,,PO-2026-27267
4891,1000,142000,1800004891,INV/2026/09/14891,2026-09-25,7953.5,EUR,2026-10-25,IC Sale - Logistics Services Sept 25,,PO-2026-59638
4967,1000,142000,1800004967,INV/2026/09/14967,2026-09-29,1296.07,EUR,2026-10-29,IC Sale - Logistics Services Sept 29,,PO-2026-96304
5005,1000,142000,1800005005,INV/2026/09/15005,2026-09-29,1260.07,EUR,2026-10-29,IC Sale - Logistics Services Sept 29,,PO-2026-22695
5016,1000,142000,1800005016,INV/2026/09/15016,2026-09-29,5634.49,EUR,2026-10-29,IC Sale - Logistics Services Sept 29,,PO-2026-78331
5054,1000,142000,1800005054,INV/2026/09/15054,2026-09-29,2510.63,EUR,2026-10-29,IC Sale - Logistics Services Sept 29,,PO-2026-42741
5139,1000,142000,1800005139,INV/2026/09/15139,2026-09-29,210.29,EUR,2026-10-29,IC Sale - Logistics Services Sept 29,,PO-2026-92205
5234,1000,142000,1800005234,INV/2026/09/15234,2026-09-29,985.62,EUR,2026-10-29,IC Sale - Logistics Services Sept 29,,PO-2026-58417
5281,1000,142000,1800005281,INV/2026/09/15281,2026-09-29,11051.72,EUR,2026-10-29,IC Sale - Logistics Services Sept 29,,PO-2026-51729
5351,1000,142000,1800005351,INV/2026/09/15351,2026-09-29,1231.58,EUR,2026-10-29,IC Sale - Logistics Services Sept 29,,PO-2026-99749
5376,1000,142000,1800005376,INV/2026/09/15376,2026-09-24,238.55,EUR,2026-10-24,IC Sale - Logistics Services Sept 24,,PO-2026-65737
5439,1000,142000,1800005439,INV/2026/09/15439,2026-09-29,1639.52,EUR,2026-10-29,IC Sale - Logistics Services Sept 29,,PO-2026-32316
5497,1000,142000,1800005497,INV/2026/09/15497,2026-09-29,2916.13,EUR,2026-10-29,IC Sale - Logistics Services Sept 29,,PO-2026-43354
5549,1000,142000,1800005549,INV/2026/09/15549,2026-09-29,2521.79,EUR,2026-10-29,IC Sale - Logistics Services Sept 29,,PO-2026-86591
5577,1000,142000,1800005577,INV/2026/09/15577,2026-09-29,369.69,EUR,2026-10-29,IC Sale - Logistics Services Sept 29,,PO-2026-28156
5592,1000,142000,1800005592,INV/2026/09/15592,2026-09-29,13948.06,EUR,2026-10-29,IC Sale - Logistics Services Sept 29,,PO-2026-75631
5621,1000,142000,1800005621,INV/2026/09/15621,2026-09-29,1224.23,EUR,2026-10-29,IC Sale - Logistics Services Sept 29,,PO-2026-96349
5816,1000,142000,1800005816,INV/2026/09/15816,2026-09-29,411.79,EUR,2026-10-29,IC Sale - Logistics Services Sept 29,,PO-2026-98037
5830,1000,142000,1800005830,INV/2026/09/15830,2026-09-29,1315.56,EUR,2026-10-29,IC Sale - Logistics Services Sept 29,,PO-2026-48899
5851,1000,142000,1800005851,INV/2026/09/15851,2026-09-29,205.4,EUR,2026-10-29,IC Sale - Logistics Services Sept 29,,PO-2026-65471
5921,1000,142000,1800005921,INV/2026/09/15921,2026-09-29,3166.01,EUR,2026-10-29,IC Sale - Logistics Services Sept 29,,PO-2026-37939
6035,1000,142000,1800006035,INV/2026/09/16035,2026-09-29,4798.59,EUR,2026-10-29,IC Sale - Logistics Services Sept 29,,PO-2026-26784
6040,1000,142000,1800006040,INV/2026/09/16040,2026-09-29,5016.67,EUR,2026-10-29,IC Sale - Logistics Services Sept 29,,PO-2026-91257
6063,1000,142000,1800006063,INV/2026/09/16063,2026-09-29,9130.8,EUR,2026-10-29,IC Sale - Logistics Services Sept 29,,PO-2026-95432
6103,1000,142000,1800006103,INV/2026/09/16103,2026-09-29,1416.0,EUR,2026-10-29,IC Sale - Logistics Services Sept 29,,PO-2026-62192
6112,1000,142000,1800006112,INV/2026/09/16112,2026-09-29,2196.92,EUR,2026-10-29,IC Sale - Logistics Services Sept 29,,PO-2026-35925
6133,1000,142000,1800006133,INV/2026/09/16133,2026-09-29,1807.79,EUR,2026-10-29,IC Sale - Logistics Services Sept 29,,PO-2026-14887
6164,1000,142000,1800006164,INV/2026/09/16164,2026-09-29,4249.12,EUR,2026-10-29,IC Sale - Logistics Services Sept 29,,PO-2026-10596
6190,1000,142000,1800006190,INV/2026/09/16190,2026-09-29,1089.41,EUR,2026-10-29,IC Sale - Logistics Services Sept 29,,PO-2026-36502
